Method,Samples,Percent,Test_Balanced_Accuracy,CV_Mean,CV_Std
Baseline (100%),2116,100.0,0.6923309352517986,0.6175850806069105,0.049168257281017674
AL_Random,305,14.41398865784499,0.591136690647482,0.6384946236559139,0.02673205649140097
AL_Uncertainty,305,14.41398865784499,0.5,0.6249462365591397,0.04490274172688437
AL_Entropy,305,14.41398865784499,0.636978417266187,0.634731182795699,0.10659304170836166
AL_Margin,305,14.41398865784499,0.5578561151079137,0.6338990081572117,0.022315270083843288
AL_Novelty,305,14.41398865784499,0.5953525179856115,0.632258064516129,0.03824693546690441
AL_Diversity,305,14.41398865784499,0.6239136690647482,0.624358546533185,0.08624332527760968
